CREATE DATABASE DML
GO

USE DML
GO

DROP DATABASE DML
GO

CREATE TABLE student(
[SID] INT PRIMARY KEY,
S_FNAME VARCHAR(20),
SL_NAME VARCHAR(30)
)

CREATE TABLE course(
CID INT PRIMARY KEY,
C_NAME VARCHAR(30)
)

CREATE TABLE course_Grades(
CGID INT PRIMARY KEY,
SEMESTER CHAR(4),
CID INT,
[SID] INT,
GRADE CHAR(2)
 CONSTRAINT fk FOREIGN KEY(CID) REFERENCES COURSE(CID),
  CONSTRAINT fL FOREIGN KEY([SID]) REFERENCES STUDENT([SID]),
  )

INSERT INTO Student ([SID], S_FName, SL_Name) VALUES (12345, 'chris','rock');
INSERT INTO Student ([SID], S_FName, SL_Name) VALUES (23456, 'chris', 'farley');
INSERT INTO Student ([SID], S_FName, SL_Name) VALUES (34567, 'david', 'spade');
INSERT INTO Student ([SID], S_FName, SL_Name) VALUES (45678, 'liz', 'lemon');
INSERT INTO Student ([SID], S_FName, SL_Name) VALUES (56789, 'jack', 'donaghy');

INSERT INTO Course (CID, C_Name) VALUES (101001, 'Intro to Computers');
INSERT INTO Course (CID, C_Name) VALUES (101002, 'Programming');
INSERT INTO Course (CID, C_Name) VALUES (101003, 'Databases');
INSERT INTO Course (CID, C_Name) VALUES (101004, 'Websites');
INSERT INTO Course (CID, C_Name) VALUES (101005, 'IS Management');


INSERT INTO Course_Grades(CGID, Semester, CID, [SID], Grade)
VALUES(2010101,'SP10',101005,34567,'D+')
INSERT INTO Course_Grades(CGID, Semester, CID, [SID], Grade)
VALUES(2010308,'FA10',101005,34567,'A-')
INSERT INTO Course_Grades(CGID, Semester, CID, [SID], Grade)
VALUES(2010309,'FA10',101001,45678,'B+')
INSERT INTO Course_Grades(CGID, Semester, CID, [SID], Grade)
VALUES(2011308,'FA11',101003,23456,'B-')
INSERT INTO Course_Grades(CGID, Semester, CID, [SID], Grade)
VALUES(2012206,'SU12',101002,56789,'A+')

ALTER TABLE STUDENT ALTER COLUMN S_FNAME nvarchar(30)

ALTER TABLE COURSE
ADD SCIENCENAME varchar(30) NOT NULL DEFAULT ('tbd')

UPDATE COURSE SET SCIENCENAME = 'POTTER' WHERE CID = 101001
UPDATE COURSE SET C_NAME = 'Intro to Wizardry' WHERE CID = 101001

SELECT * FROM course

ALTER TABLE COURSE 
RENAME COLUMN C_NAME TO COURSE_NAME;

